trade_id,entry_time,exit_time,side,entry_price,exit_price,contracts,stop_points
SYNTHETIC-001,2026-01-06T10:00:00-05:00,2026-01-06T10:05:00-05:00,long,20000,20040,1,25
SYNTHETIC-002,2026-01-07T10:00:00-05:00,2026-01-07T10:05:00-05:00,long,20000,20040,1,25
SYNTHETIC-003,2026-01-08T10:00:00-05:00,2026-01-08T10:05:00-05:00,long,20000,20040,1,25
SYNTHETIC-004,2026-01-09T10:00:00-05:00,2026-01-09T10:05:00-05:00,long,20000,19975,1,25
SYNTHETIC-005,2026-01-12T10:00:00-05:00,2026-01-12T10:05:00-05:00,long,20000,20040,1,25
SYNTHETIC-006,2026-01-13T10:00:00-05:00,2026-01-13T10:05:00-05:00,long,20000,20040,1,25
SYNTHETIC-008,2026-01-15T10:00:00-05:00,2026-01-15T10:05:00-05:00,long,20000,19975,1,25
SYNTHETIC-009,2026-01-16T10:00:00-05:00,2026-01-16T10:05:00-05:00,long,20000,20040,1,25
SYNTHETIC-010,2026-01-19T10:00:00-05:00,2026-01-19T10:05:00-05:00,long,20000,20040,1,25
SYNTHETIC-011,2026-01-20T10:00:00-05:00,2026-01-20T10:05:00-05:00,long,20000,20040,1,25
SYNTHETIC-012,2026-01-21T10:00:00-05:00,2026-01-21T10:05:00-05:00,long,20000,19975,1,25
SYNTHETIC-013,2026-01-22T10:00:00-05:00,2026-01-22T10:05:00-05:00,long,20000,20040,1,25
SYNTHETIC-015,2026-01-26T10:00:00-05:00,2026-01-26T10:05:00-05:00,long,20000,20040,1,25
SYNTHETIC-016,2026-01-27T10:00:00-05:00,2026-01-27T10:05:00-05:00,long,20000,19975,1,25
SYNTHETIC-017,2026-01-28T10:00:00-05:00,2026-01-28T10:05:00-05:00,long,20000,20040,1,25
SYNTHETIC-018,2026-01-29T10:00:00-05:00,2026-01-29T10:05:00-05:00,long,20000,20040,1,25
SYNTHETIC-019,2026-01-30T10:00:00-05:00,2026-01-30T10:05:00-05:00,long,20000,20040,1,25
SYNTHETIC-020,2026-02-02T10:00:00-05:00,2026-02-02T10:05:00-05:00,long,20000,19975,1,25
SYNTHETIC-022,2026-02-04T10:00:00-05:00,2026-02-04T10:05:00-05:00,long,20000,20040,1,25
SYNTHETIC-023,2026-02-05T10:00:00-05:00,2026-02-05T10:05:00-05:00,long,20000,20040,1,25
SYNTHETIC-024,2026-02-06T10:00:00-05:00,2026-02-06T10:05:00-05:00,long,20000,19975,1,25
SYNTHETIC-025,2026-02-09T10:00:00-05:00,2026-02-09T10:05:00-05:00,long,20000,20040,1,25
SYNTHETIC-026,2026-02-10T10:00:00-05:00,2026-02-10T10:05:00-05:00,long,20000,20040,1,25
SYNTHETIC-027,2026-02-11T10:00:00-05:00,2026-02-11T10:05:00-05:00,long,20000,20040,1,25
SYNTHETIC-029,2026-02-13T10:00:00-05:00,2026-02-13T10:05:00-05:00,long,20000,20040,1,25
SYNTHETIC-030,2026-02-16T10:00:00-05:00,2026-02-16T10:05:00-05:00,long,20000,20040,1,25
SYNTHETIC-031,2026-02-17T10:00:00-05:00,2026-02-17T10:05:00-05:00,long,20000,20040,1,25
SYNTHETIC-032,2026-02-18T10:00:00-05:00,2026-02-18T10:05:00-05:00,long,20000,19975,1,25
SYNTHETIC-033,2026-02-19T10:00:00-05:00,2026-02-19T10:05:00-05:00,long,20000,20040,1,25
SYNTHETIC-034,2026-02-20T10:00:00-05:00,2026-02-20T10:05:00-05:00,long,20000,20040,1,25
SYNTHETIC-036,2026-02-24T10:00:00-05:00,2026-02-24T10:05:00-05:00,long,20000,19975,1,25
SYNTHETIC-037,2026-02-25T10:00:00-05:00,2026-02-25T10:05:00-05:00,long,20000,20040,1,25
SYNTHETIC-038,2026-02-26T10:00:00-05:00,2026-02-26T10:05:00-05:00,long,20000,20040,1,25
SYNTHETIC-039,2026-02-27T10:00:00-05:00,2026-02-27T10:05:00-05:00,long,20000,20040,1,25
