trade_id,time,unrealized_points
SYNTHETIC-001,2026-01-06T10:01:00-05:00,-20
SYNTHETIC-001,2026-01-06T10:02:00-05:00,20.0
SYNTHETIC-001,2026-01-06T10:04:00-05:00,40
SYNTHETIC-002,2026-01-07T10:01:00-05:00,-20
SYNTHETIC-002,2026-01-07T10:02:00-05:00,20.0
SYNTHETIC-002,2026-01-07T10:04:00-05:00,40
SYNTHETIC-003,2026-01-08T10:01:00-05:00,-20
SYNTHETIC-003,2026-01-08T10:02:00-05:00,20.0
SYNTHETIC-003,2026-01-08T10:04:00-05:00,40
SYNTHETIC-004,2026-01-09T10:01:00-05:00,-20
SYNTHETIC-004,2026-01-09T10:02:00-05:00,-12.5
SYNTHETIC-004,2026-01-09T10:04:00-05:00,-25
SYNTHETIC-005,2026-01-12T10:01:00-05:00,-20
SYNTHETIC-005,2026-01-12T10:02:00-05:00,20.0
SYNTHETIC-005,2026-01-12T10:04:00-05:00,40
SYNTHETIC-006,2026-01-13T10:01:00-05:00,-20
SYNTHETIC-006,2026-01-13T10:02:00-05:00,20.0
SYNTHETIC-006,2026-01-13T10:04:00-05:00,40
SYNTHETIC-008,2026-01-15T10:01:00-05:00,-20
SYNTHETIC-008,2026-01-15T10:02:00-05:00,-12.5
SYNTHETIC-008,2026-01-15T10:04:00-05:00,-25
SYNTHETIC-009,2026-01-16T10:01:00-05:00,-20
SYNTHETIC-009,2026-01-16T10:02:00-05:00,20.0
SYNTHETIC-009,2026-01-16T10:04:00-05:00,40
SYNTHETIC-010,2026-01-19T10:01:00-05:00,-20
SYNTHETIC-010,2026-01-19T10:02:00-05:00,20.0
SYNTHETIC-010,2026-01-19T10:04:00-05:00,40
SYNTHETIC-011,2026-01-20T10:01:00-05:00,-20
SYNTHETIC-011,2026-01-20T10:02:00-05:00,20.0
SYNTHETIC-011,2026-01-20T10:04:00-05:00,40
SYNTHETIC-012,2026-01-21T10:01:00-05:00,-20
SYNTHETIC-012,2026-01-21T10:02:00-05:00,-12.5
SYNTHETIC-012,2026-01-21T10:04:00-05:00,-25
SYNTHETIC-013,2026-01-22T10:01:00-05:00,-20
SYNTHETIC-013,2026-01-22T10:02:00-05:00,20.0
SYNTHETIC-013,2026-01-22T10:04:00-05:00,40
SYNTHETIC-015,2026-01-26T10:01:00-05:00,-20
SYNTHETIC-015,2026-01-26T10:02:00-05:00,20.0
SYNTHETIC-015,2026-01-26T10:04:00-05:00,40
SYNTHETIC-016,2026-01-27T10:01:00-05:00,-20
SYNTHETIC-016,2026-01-27T10:02:00-05:00,-12.5
SYNTHETIC-016,2026-01-27T10:04:00-05:00,-25
SYNTHETIC-017,2026-01-28T10:01:00-05:00,-20
SYNTHETIC-017,2026-01-28T10:02:00-05:00,20.0
SYNTHETIC-017,2026-01-28T10:04:00-05:00,40
SYNTHETIC-018,2026-01-29T10:01:00-05:00,-20
SYNTHETIC-018,2026-01-29T10:02:00-05:00,20.0
SYNTHETIC-018,2026-01-29T10:04:00-05:00,40
SYNTHETIC-019,2026-01-30T10:01:00-05:00,-20
SYNTHETIC-019,2026-01-30T10:02:00-05:00,20.0
SYNTHETIC-019,2026-01-30T10:04:00-05:00,40
SYNTHETIC-020,2026-02-02T10:01:00-05:00,-20
SYNTHETIC-020,2026-02-02T10:02:00-05:00,-12.5
SYNTHETIC-020,2026-02-02T10:04:00-05:00,-25
SYNTHETIC-022,2026-02-04T10:01:00-05:00,-20
SYNTHETIC-022,2026-02-04T10:02:00-05:00,20.0
SYNTHETIC-022,2026-02-04T10:04:00-05:00,40
SYNTHETIC-023,2026-02-05T10:01:00-05:00,-20
SYNTHETIC-023,2026-02-05T10:02:00-05:00,20.0
SYNTHETIC-023,2026-02-05T10:04:00-05:00,40
SYNTHETIC-024,2026-02-06T10:01:00-05:00,-20
SYNTHETIC-024,2026-02-06T10:02:00-05:00,-12.5
SYNTHETIC-024,2026-02-06T10:04:00-05:00,-25
SYNTHETIC-025,2026-02-09T10:01:00-05:00,-20
SYNTHETIC-025,2026-02-09T10:02:00-05:00,20.0
SYNTHETIC-025,2026-02-09T10:04:00-05:00,40
SYNTHETIC-026,2026-02-10T10:01:00-05:00,-20
SYNTHETIC-026,2026-02-10T10:02:00-05:00,20.0
SYNTHETIC-026,2026-02-10T10:04:00-05:00,40
SYNTHETIC-027,2026-02-11T10:01:00-05:00,-20
SYNTHETIC-027,2026-02-11T10:02:00-05:00,20.0
SYNTHETIC-027,2026-02-11T10:04:00-05:00,40
SYNTHETIC-029,2026-02-13T10:01:00-05:00,-20
SYNTHETIC-029,2026-02-13T10:02:00-05:00,20.0
SYNTHETIC-029,2026-02-13T10:04:00-05:00,40
SYNTHETIC-030,2026-02-16T10:01:00-05:00,-20
SYNTHETIC-030,2026-02-16T10:02:00-05:00,20.0
SYNTHETIC-030,2026-02-16T10:04:00-05:00,40
SYNTHETIC-031,2026-02-17T10:01:00-05:00,-20
SYNTHETIC-031,2026-02-17T10:02:00-05:00,20.0
SYNTHETIC-031,2026-02-17T10:04:00-05:00,40
SYNTHETIC-032,2026-02-18T10:01:00-05:00,-20
SYNTHETIC-032,2026-02-18T10:02:00-05:00,-12.5
SYNTHETIC-032,2026-02-18T10:04:00-05:00,-25
SYNTHETIC-033,2026-02-19T10:01:00-05:00,-20
SYNTHETIC-033,2026-02-19T10:02:00-05:00,20.0
SYNTHETIC-033,2026-02-19T10:04:00-05:00,40
SYNTHETIC-034,2026-02-20T10:01:00-05:00,-20
SYNTHETIC-034,2026-02-20T10:02:00-05:00,20.0
SYNTHETIC-034,2026-02-20T10:04:00-05:00,40
SYNTHETIC-036,2026-02-24T10:01:00-05:00,-20
SYNTHETIC-036,2026-02-24T10:02:00-05:00,-12.5
SYNTHETIC-036,2026-02-24T10:04:00-05:00,-25
SYNTHETIC-037,2026-02-25T10:01:00-05:00,-20
SYNTHETIC-037,2026-02-25T10:02:00-05:00,20.0
SYNTHETIC-037,2026-02-25T10:04:00-05:00,40
SYNTHETIC-038,2026-02-26T10:01:00-05:00,-20
SYNTHETIC-038,2026-02-26T10:02:00-05:00,20.0
SYNTHETIC-038,2026-02-26T10:04:00-05:00,40
SYNTHETIC-039,2026-02-27T10:01:00-05:00,-20
SYNTHETIC-039,2026-02-27T10:02:00-05:00,20.0
SYNTHETIC-039,2026-02-27T10:04:00-05:00,40
